[{"nom":"s","prenom":"ds","email":"skdjks@fkjdfk.com","password":"dddds","panel":[],"adr":"azertyuui","date":"2005-12-04","historique":[]},{"nom":"s","prenom":"ds","email":"skdjks@fkjdfk.com","password":"","panel":[],"adr":"azertyuui","date":"2005-12-04","historique":[]},{"nom":"ackraman","prenom":"shikamaru","email":"shikamaru@gmail.com","password":"123456789","panel":[],"adr":"hello im ibrahim","date":"2000-12-17","historique":[]},{"nom":"jhjhkj","prenom":"xavi","email":"klkmlkmlkl","password":"","panel":[],"adr":"kjhjhjh","date":"2212-12-11","historique":[]},{"nom":"jhjhkj","prenom":"xavi","email":"klkmlkmlkl","password":"","panel":[],"adr":"kjhjhjh","date":"2212-12-11","historique":[]},{"nom":"jhjhkj","prenom":"xavi","email":"klkmlkmlkl","password":"","panel":[],"adr":"kjhjhjh","date":"2212-12-11","historique":[]},{"nom":"jhjhkj","prenom":"xavi","email":"klkmlkmlkl","password":"","panel":[],"adr":"kjhjhjh","date":"2212-12-11","historique":[]},{"nom":"jhjhkj","prenom":"xavi","email":"klkmlkmlkl","password":"","panel":[],"adr":"kjhjhjh","date":"2212-12-11","historique":[]},{"nom":"jhjhkj","prenom":"xavi","email":"klkmlkmlkl","password":"","panel":[],"adr":"kjhjhjh","date":"2212-12-11","historique":[]},{"nom":"jhjhkj","prenom":"xavi","email":"klkmlkmlkl","password":"","panel":[],"adr":"kjhjhjh","date":"2212-12-11","historique":[]},{"nom":"jhjhkj","prenom":"xavi","email":"klkmlkmlkl","password":"","panel":[],"adr":"kjhjhjh","date":"2212-12-11","historique":[]},{"nom":"jhjhkj","prenom":"xavi","email":"klkmlkmlkl","password":"","panel":[],"adr":"kjhjhjh","date":"2212-12-11","historique":[]},{"nom":"jhjhkj","prenom":"xavi","email":"klkmlkmlkl","password":"","panel":[],"adr":"kjhjhjh","date":"2212-12-11","historique":[]},{"nom":"jhjhkj","prenom":"xavi","email":"klkmlkmlkl","password":"","panel":[],"adr":"kjhjhjh","date":"2212-12-11","historique":[]},{"nom":"jhjhkj","prenom":"xavi","email":"klkmlkmlkl","password":"","panel":[],"adr":"kjhjhjh","date":"2212-12-11","historique":[]},{"nom":"jhjhkj","prenom":"xavi","email":"klkmlkmlkl","password":"","panel":[],"adr":"kjhjhjh","date":"2212-12-11","historique":[]},{"nom":"jhjhkj","prenom":"xavi","email":"klkmlkmlkl","password":"","panel":[],"adr":"kjhjhjh","date":"2212-12-11","historique":[]},{"nom":"jhjhkj","prenom":"xavi","email":"klkmlkmlkl","password":"","panel":[],"adr":"kjhjhjh","date":"2212-12-11","historique":[]},{"nom":"jhjhkj","prenom":"xavi","email":"klkmlkmlkl","password":"","panel":[],"adr":"kjhjhjh","date":"2212-12-11","historique":[]},{"nom":"jhjhkj","prenom":"xavi","email":"klkmlkmlkl","password":"","panel":[],"adr":"kjhjhjh","date":"2212-12-11","historique":[]},{"nom":"maradona","prenom":"diego","email":"maradona@gm.com","password":"123456789","panel":[],"adr":"ajzhjhe","date":"2000-01-12","historique":[]},{"nom":"fdfkdj","prenom":"kjfk","email":"kfjkdjklg@fgkgj.com","password":"123456","panel":[],"adr":"zyzetyztaue456","date":"2010-01-01","historique":[],"fav":[]},{"nom":"dharyf","prenom":"abdo","email":"dharyf@gmail.com","password":"123456","panel":[],"adr":"azerty","date":"1999-01-01","historique":[],"fav":[]},{"nom":"dharyf","prenom":"abdo","email":"dharyf@gmail.com","password":"123456","panel":[],"adr":"azerty","date":"1999-01-01","historique":[],"fav":[]}]